https://127.0.0.1/about/index.html, https://127.0.0.1/about
https://127.0.0.1/archives/2017/12/241/, https://127.0.0.1/posts/2017-reading
https://127.0.0.1/archives/2018/01/242/, https://127.0.0.1/posts/2017-summary
https://127.0.0.1/archives/2018/09/256/, https://127.0.0.1/posts/go-source-sync-pool
https://127.0.0.1/archives/2018/12/259/, https://127.0.0.1/posts/2018-summary/
https://127.0.0.1/archives/2019/06/261/, https://127.0.0.1/posts/ten-years-of-blogging/
https://127.0.0.1/archives/2020/01/262/, https://127.0.0.1/posts/2018-2019-reading/
https://127.0.0.1/archives/2020/02/263/, https://127.0.0.1/posts/2019-summary/
https://127.0.0.1/archives/2020/03/264/, https://127.0.0.1/posts/why-i-stopped-blogging/
https://127.0.0.1/archives/2020/03/265/, https://127.0.0.1/posts/setup-wordpress-in-10-minutes/
https://127.0.0.1/archives/2020/09/266/, https://127.0.0.1/posts/eliminating-a-source-of-measurement-errors-in-benchmarks/
https://127.0.0.1/archives/2020/11/267/, https://127.0.0.1/posts/pointers-might-not-be-ideal-for-parameters/
https://127.0.0.1/bachelorthesis/index.html, https://127.0.0.1/bachelorthesis
https://127.0.0.1/clients/index.html, https://127.0.0.1/clients
https://127.0.0.1/cv/index.html, https://127.0.0.1/cv
https://127.0.0.1/demo/index.html, https://127.0.0.1/demo
https://127.0.0.1/math-modeling/index.html, https://127.0.0.1/math-modeling
https://127.0.0.1/specialization/index.html, https://127.0.0.1/specialization
https://127.0.0.1/todo/index.html
